<?xml version="1.0" encoding="UTF-8"?>
<project-private xmlns="http://www.netbeans.org/ns/project-private/1">
    <editor-bookmarks xmlns="http://www.netbeans.org/ns/editor-bookmarks/1"/>
    <editor-bookmarks xmlns="http://www.netbeans.org/ns/editor-bookmarks/2" lastBookmarkId="0"/>
    <open-files xmlns="http://www.netbeans.org/ns/projectui-open-files/2">
        <group>
            <file>file:/D:/Curso%2018-19/PROGRAMACION/ApuntesProgramación/Ejercicios/TemaCuatroArrays/Soluciones%20practica%20uno/PracticaUno/t4p1e3/src/t4p1e3/T4p1e3.java</file>
        </group>
    </open-files>
</project-private>
